{"name":"29994345-c69c-40f0-a49e-8525ab9f501c","id":"/providers/Microsoft.Flow/flows/29994345-c69c-40f0-a49e-8525ab9f501c","type":"Microsoft.Flow/flows","properties":{"apiId":"/providers/Microsoft.PowerApps/apis/shared_logicflows","displayName":"Paging in Dataverse","definition":{"metadata":{"workflowEntityId":null,"processAdvisorMetadata":null,"flowclientsuspensionreason":"None","flowclientsuspensiontime":null,"creator":{"id":"e024bf17-fbfb-472b-a4ba-4bb3d893e4c0","type":"User","tenantId":"994795a9-c5b4-463c-b5a0-cefea876a936"},"provisioningMethod":"FromDefinition","failureAlertSubscription":true,"clientLastModifiedTime":"2021-12-11T07:32:20.3700621Z"},"$schema":"https://schema.management.azure.com/providers/Microsoft.Logic/schemas/2016-06-01/workflowdefinition.json#","contentVersion":"1.0.0.0","parameters":{"$connections":{"defaultValue":{},"type":"Object"},"$authentication":{"defaultValue":{},"type":"SecureObject"}},"triggers":{"manual":{"metadata":{"operationMetadataId":"2b92e275-2b85-4978-a5cd-4230166b4968"},"type":"Request","kind":"Button","inputs":{"schema":{"type":"object","properties":{},"required":[]}}}},"actions":{"Initialize_Paging_Cookie_Only":{"runAfter":{"Initialize_FetchXML_Paging_Cookie_Variable":["Succeeded"]},"metadata":{"operationMetadataId":"b5d8a251-1aa9-4d94-acfd-83058215cfb3"},"type":"InitializeVariable","inputs":{"variables":[{"name":"PagingCookieOnly","type":"string"}]}},"Initialize_FetchXML_Paging_Cookie_Variable":{"runAfter":{"Total_Record_Variable":["Succeeded"]},"metadata":{"operationMetadataId":"e5a0f258-c652-45a9-93e8-fcd2f986bda0"},"type":"InitializeVariable","inputs":{"variables":[{"name":"PagingCookie","type":"string"}]}},"Do_until":{"actions":{"Get_Accounts":{"runAfter":{},"metadata":{"operationMetadataId":"d347b526-9c5d-4738-a164-7cfe8351c9b5"},"type":"OpenApiConnection","inputs":{"host":{"apiId":"/providers/Microsoft.PowerApps/apis/shared_commondataserviceforapps","connectionName":"shared_commondataserviceforapps","operationId":"ListRecords"},"parameters":{"entityName":"accounts","fetchXml":"<fetch count='5000' page='@{add(iterationIndexes('Do_until'),1)}' @{if(equals(iterationIndexes('Do_until'),0),'',concat('paging-cookie=''', substring(first(skip(split(string(xml(setProperty(variables('RawJSON'),'z',variables('PagingCookieOnly')))),'<'),1)),2),''''))}>\n  <entity name='account' >\n    <attribute name='name' />\n  </entity>\n</fetch>"},"authentication":"@parameters('$authentication')"},"description":"Page is add(iterationIndexes('Do_until'),1)"},"Update_FetchXML_Paging_Cookie_Variable":{"runAfter":{"Increment_variable":["Succeeded"]},"metadata":{"operationMetadataId":"13c6c13d-f99d-462b-a955-be9f6731665a"},"type":"SetVariable","inputs":{"name":"PagingCookie","value":"@{if(empty(outputs('Get_Accounts')?['body']?['@Microsoft.Dynamics.CRM.fetchxmlpagingcookie']),'',decodeUriComponent(decodeUriComponent(outputs('Get_Accounts')?['body']?['@Microsoft.Dynamics.CRM.fetchxmlpagingcookie'])))}"}},"Update_Paging_Cookie_Only_Variable":{"runAfter":{"Update_FetchXML_Paging_Cookie_Variable":["Succeeded"]},"metadata":{"operationMetadataId":"e297cf01-9007-43e0-8f84-4914a7cac5e1"},"type":"SetVariable","inputs":{"name":"PagingCookieOnly","value":"@{if(empty(variables('PagingCookie')),'',replace(substring(variables('PagingCookie'),add(indexOf(variables('PagingCookie'),'pagingcookie=\"'),14)),'\" istracking=\"False\" />',''))}"}},"Increment_variable":{"runAfter":{"Get_Accounts":["Succeeded"]},"metadata":{"operationMetadataId":"197d00d4-2d95-4062-b4c9-08b34d50a10f"},"type":"IncrementVariable","inputs":{"name":"Count","value":"@length(outputs('Get_Accounts')?['body/value'])"}}},"runAfter":{"Initialize_Raw_JSON":["Succeeded"]},"expression":"@equals(empty(variables('PagingCookie')), true)","limit":{"count":5000,"timeout":"PT1H"},"metadata":{"operationMetadataId":"7ae7add3-95a1-427c-acd3-d2c558d5893d"},"type":"Until"},"Initialize_Raw_JSON":{"runAfter":{"Initialize_Paging_Cookie_Only":["Succeeded"]},"metadata":{"operationMetadataId":"a42154c4-4697-41fc-ae24-9468b2458d6f"},"type":"InitializeVariable","inputs":{"variables":[{"name":"RawJSON","type":"object","value":{"z":""}}]}},"Total_Record_Variable":{"runAfter":{},"metadata":{"operationMetadataId":"407de275-e028-4482-a0d5-76a87d8a673e"},"type":"InitializeVariable","inputs":{"variables":[{"name":"Count","type":"integer","value":0}]}},"Compose":{"runAfter":{"Do_until":["Succeeded"]},"metadata":{"operationMetadataId":"5ea3ef0a-8bae-4886-a683-8457c6ee0530"},"type":"Compose","inputs":"@variables('Count')"}}},"connectionReferences":{"shared_commondataserviceforapps":{"connectionName":"shared-commondataser-82fbf59f-244f-4547-abd8-5bae-b6b251b2","source":"Embedded","id":"/providers/Microsoft.PowerApps/apis/shared_commondataserviceforapps","tier":"NotSpecified"}},"flowFailureAlertSubscribed":false}}